{"cameraMode":{"drawMode":0,"name":"Shaded","section":"Shading Mode"},"sceneLighting":true,"audioPlay":false,"sceneViewState":{"m_AlwaysRefresh":false,"showFog":true,"showSkybox":true,"showFlares":true,"showImageEffects":true,"showParticleSystems":true,"showVisualEffectGraphs":true,"m_FxEnabled":true},"in2DMode":false,"pivot":{"x":136.03085327148438,"y":98.50376892089844,"z":57.2237548828125},"rotation":{"x":0.016189435496926309,"y":0.0020961486734449865,"z":0.0000295359204756096,"w":-0.9998747706413269},"size":158.66314697265626,"orthographic":false}