{"cameraMode":{"drawMode":0,"name":"Shaded","section":"Shading Mode"},"sceneLighting":true,"audioPlay":false,"sceneViewState":{"m_AlwaysRefresh":false,"showFog":true,"showSkybox":true,"showFlares":true,"showImageEffects":true,"showParticleSystems":true,"showVisualEffectGraphs":true,"m_FxEnabled":true},"in2DMode":false,"pivot":{"x":0.5289468169212341,"y":0.8778247833251953,"z":5.171009063720703},"rotation":{"x":-0.04978786036372185,"y":-0.008393410593271256,"z":0.00041403889190405607,"w":-0.9987310171127319},"size":8.139410018920899,"orthographic":false}